Time,V1,V2
0.0,0.0,0.0
0.001001001001001001,0.0314421909191206,0.03142664502224097
0.002002002002002002,0.06285329004448194,0.06272901509014801
0.003003003003003003,0.09420223632762625,0.09378332668791857
0.004004004004004004,0.12545803018029603,0.1244667772334458
0.005005005005005005,0.15658976412855768,0.15465803069443446
0.006006006006006006,0.18756665337583714,0.18423769740512494
0.007007007007007007,0.21835806624464543,0.21308880618621764
0.008008008008008008,0.2489335544668916,0.24109726690102384
0.009009009009009009,0.27926288329283006,0.26815232161869124
0.01001001001001001,0.3093160613888689,0.29414698260040256
0.011011011011011011,0.3390633704946752,0.31897845537655595
0.012012012012012012,0.3684753948102499,0.34254854524189043
0.013013013013013013,0.3975230500839129,0.3647640455610942
0.014014014014014014,0.4261776123724353,0.38553710634936234
0.015015015015015015,0.4544107464448774,0.404785581670372
0.016016016016016016,0.4821945338020477,0.42243335447790886
0.017017017017017015,0.5095015002838731,0.4384106376165767
0.018018018018018018,0.5363046432373825,0.4526542497912983
0.01901901901901902,0.5625774582184371,0.4651078654143021
0.02002002002002002,0.5882939652008051,0.47572223734158836
0.02102102102102102,0.6134287342666618,0.48445539161807477
0.022022022022022022,0.6379569107531119,0.49127279346131386
0.023023023023023025,0.661854239829868,0.49614748382740687
0.024024024024024024,0.6850970904837809,0.49906018601907315
0.025025025025025023,0.7076624788865044,0.4999993819142987
0.026026026026026026,0.7295280911221884,0.49896135751412163
0.02702702702702703,0.7506723052527243,0.4959502176294384
0.028028028028028028,0.7710742126987247,0.49097786964875334
0.029029029029029027,0.7907136389150937,0.4840639764510594
0.03003003003003003,0.809571163340744,0.4752358786500558
0.031031031031031032,0.8276281386027312,0.46452848647718137
0.03203203203203203,0.8448667089558177,0.4519841417310081
0.03303303303303303,0.8612698279392308,0.4376524503389065
0.03403403403403403,0.8768212752331535,0.42159008619311134
0.035035035035035036,0.891505672698284,0.4038605670369034
0.036036036036036036,0.9053084995825966,0.3845340032871585
0.037037037037037035,0.918216106880274,0.3636868207865244
0.03803803803803804,0.9302157308286042,0.34140145858159454
0.03903903903903904,0.9412955055295033,0.31776604292219207
0.04004004004004004,0.9514444746831767,0.29287403877091966
0.04104104104104104,0.960652602422321,0.2668238802010613
0.04204204204204204,0.9689107832361495,0.23971858114440497
0.043043043043043044,0.9762108509744296,0.21166532802826726
0.044044044044044044,0.9825455869226277,0.1827750559126095
0.04504504504504504,0.9879087269401781,0.1531620098033919
0.04604604604604605,0.9922949676548137,0.12294329287692506
0.04704704704704705,0.9956999717068377,0.09223840340174627
0.04804804804804805,0.9981203720381463,0.061168762189228655
0.04904904904904905,0.9995537752217638,0.02985723244160517
0.050050050050050046,0.9999987638285974,-0.0015723661038679992
0.05105105105105105,0.9994548978290693,-0.032995746813310335
0.05205205205205205,0.9979227150282433,-0.06428864764093424
0.05305305305305305,0.9954037305340125,-0.09532732251653223
0.05405405405405406,0.9919004352588768,-0.1259890306925626
0.055055055055055056,0.9874162934567889,-0.15615252211574476
0.056056056056056056,0.9819557392975067,-0.18569851690378394
0.057057057057057055,0.9755241724818388,-0.21451017703116315
0.058058058058058054,0.9681279529021188,-0.24247356835874365
0.05905905905905906,0.959774394353189,-0.2694781111801082
0.06006006006006006,0.9504717573001116,-0.2954170175029789
0.06106106106106106,0.940229240709759,-0.3201877133365129
0.062062062062062065,0.9290569729543627,-0.3436922443145551
0.06306306306306306,0.9169660017960135,-0.365837663050839
0.06406406406406406,0.9039682834620162,-0.38653639669435874
0.06506506506506507,0.8900766708219059,-0.40570659323143293
0.06606606606606606,0.875304900677813,-0.4232724451650302
0.06706706706706707,0.8596675801807452,-0.4391644892913844
0.06806806806806806,0.8431801723862227,-0.4533198813884445
0.06906906906906907,0.8258589809635433,-0.465682644729927
0.07007007007007007,0.8077211340738067,-0.47620389144222575
0.07107107107107107,0.7887845674326315,-0.4848420158288438
0.07207207207207207,0.769068006574317,-0.49156285889785206
0.07307307307307308,0.7485909483349906,-0.49633984344176013
0.07407407407407407,0.7273736415730488,-0.4991540791356341
0.07507507507507508,0.7054370671459531,-0.499994437237857
0.07607607607607608,0.6828029171631891,-0.4988575945981307
0.07707707707707707,0.6594935735358961,-0.49574804679869244
0.07807807807807808,0.6355320858443841,-0.49067809037677973
0.07907907907907907,0.6109421485454231,-0.48366777419864515
0.08008008008008008,0.5857480775418393,-0.47474482017740666
0.08108108108108109,0.5599747861375954,-0.46394451364825473
0.08208208208208208,0.5336477604021226,-0.45130956383451715
0.08308308308308308,0.5067930339682726,-0.4368899349563643
0.08408408408408408,0.47943716228880995,-0.4207426486500252
0.08508508508508508,0.4516071963768954,-0.4029315584788348
0.08608608608608609,0.4233306560565345,-0.38352709742779945
0.08708708708708708,0.3946355027494411,-0.36260599938019883
0.08808808808808809,0.365550111825219,-0.34025099567762623
0.0890890890890891,0.33610324454221585,-0.31655048796341045
0.09009009009009009,0.3063240196067838,-0.29159819860313696
0.09109109109109109,0.2762418843790745,-0.26549280006466025
0.0920920920920921,0.2458865857538501,-0.23833752472321357
0.09309309309309309,0.21528814074509034,-0.21023975663460717
0.0940940940940941,0.18447680680349254,-0.18131060689083364
0.09509509509509509,0.15348305189621664,-0.15166447423731366
0.0960960960960961,0.12233752437845731,-0.12141859268929367
0.0970970970970971,0.09107102268664065,-0.09069256793632538
0.0980980980980981,0.05971446488321034,-0.059607904368087127
0.0990990990990991,0.028298858083118276,-0.028287524591896363
0.10010010010010009,-0.0031447322077359985,0.003144716658033513
0.1011011011011011,-0.03458521281181722,0.034564522297392174
0.1021021021021021,-0.06599149362662067,0.06584764441781198
0.1031031031031031,-0.09733251836830219,0.09687037561844838
0.1041041041041041,-0.12857729528186848,0.12751003820015505
0.10510510510510511,-0.1596949277875495,0.1576454692877513
0.1061061061061061,-0.19065464503306445,0.18715749996200937
0.10710710710710711,-0.22142583232155888,0.21592942650664845
0.10810810810810811,-0.2519780613851252,0.24384747190681727
0.1091091091091091,-0.2822811204739715,0.2708012357740949
0.11011011011011011,-0.3123050442314895,0.29668413091881024
0.1111111111111111,-0.3420201433256682,0.32139380484326924
0.11211211211211211,-0.3713970338075679,0.34483254448913075
0.11311311311311312,-0.40040666616780385,0.36690766263836383
0.11411411411411411,-0.4290203540623263,0.3875318644398007
0.11511511511511512,-0.4572098026790792,0.40662359261186654
0.11611611611611611,-0.4849471367174873,0.42410734995640087
0.11711711711711711,-0.5122049279531141,0.43991399790821456
0.11811811811811812,-0.5389562223602165,0.45398102993977313
0.11911911911911911,-0.5651745667653927,0.46625281873985364
0.12012012012012012,-0.5908340350059578,0.47668083618871454
0.12112112112112113,-0.6159092535671795,0.4852238452598985
0.12212212212212212,-0.6403754266730258,0.491848063089805
0.12312312312312312,-0.664208360805614,0.49652729457018385
0.12412412412412413,-0.6873844886291102,0.4992430359352612
0.12512512512512514,-0.7098808922944286,0.4999845479338734
0.12612612612612611,-0.731675326101678,0.4987488982972499
0.12712712712712712,-0.7527462384979546,0.49554097333450986
0.12812812812812813,-0.7730727933887175,0.4903734586100199
0.12912912912912913,-0.7926348907416847,0.48326678877902074
0.13013013013013014,-0.8114131864628659,0.4742490667798976
0.13113113113113112,-0.8293891115250824,0.4633559527026427
0.13213213213213212,-0.8465448903300604,0.45063052277297244
0.13313313313313313,-0.8628635582859311,0.4361230990097431
0.13413413413413414,-0.8783289785827688,0.4198910502292697
0.13513513513513514,-0.8929258581495684,0.4019985651834705
0.13613613613613612,-0.906639762776889,0.3825163987289456
0.13713713713713713,-0.9194571313902051,0.3615215920307551
0.13813813813813813,-0.931365289459854,0.3390971679073335
0.13913913913913914,-0.9423524615343186,0.31533180252127874
0.14014014014014015,-0.9524077828844515,0.2903194747143027
0.14114114114114115,-0.9615213102471256,0.26415909437302537
0.14214214214214213,-0.9696840316576876,0.2369541112952218
0.14314314314314314,-0.9768878753614926,0.20881210610323345
0.14414414414414414,-0.9831257177957041,0.17984436482226843
0.14514514514514515,-0.9883913906334727,0.15016543880587555
0.14614614614614616,-0.9926796868835203,0.11989269174886805
0.14714714714714713,-0.9959863660391043,0.08914583557898864
0.14814814814814814,-0.9983081582712682,0.05804645706261553
0.14914914914914915,-0.9996427676622299,0.026717536996528856
0.15015015015015015,-0.999988874475714,-0.0047170361129485
0.15115115115115116,-0.9993461364619809,-0.03613295596029389
0.15215215215215216,-0.9977151891962615,-0.06740599000329188
0.15315315315315314,-0.9950976454502661,-0.09841247073385187
0.15415415415415415,-0.9914960935973849,-0.12902978471442456
0.15515515515515516,-0.9869140950531601,-0.15913685744615397
0.15615615615615616,-0.9813561807535595,-0.1886146321513849
0.15715715715715717,-0.9748278466745341,-0.21734654057719802
0.15815815815815815,-0.9673355483972903,-0.2452189639582099
0.15915915915915915,-0.9588866947246498,-0.2721216823157894
0.16016016016016016,-0.9494896403548133,-0.29794831031694896
0.16116116116116116,-0.939153677619768,-0.32259671796934636
0.16216216216216217,-0.9278890272965095,-0.34596943448877293
0.16316316316316315,-0.9157068285001695,-0.3679740337420511
0.16416416416416416,-0.9026191276690343,-0.38852349974114386
0.16516516516516516,-0.888638866652356,-0.40753657074313093
0.16616616616616617,-0.8737798699127286,-0.42493806059534317
0.16716716716716717,-0.8580568308556874,-0.44065915605490363
0.16816816816816815,-0.8414852973000504,-0.45463768890694406
0.16916916916916916,-0.8240816561033645,-0.466818381805423
0.17017017017017017,-0.8058631169576695,-0.4771530668643742
0.17117117117117117,-0.7868476953715903,-0.48560087613518804
0.17217217217217218,-0.7670541948555989,-0.4921284032166843
0.17317317317317318,-0.746502188328052,-0.49670983535890534
0.17417417417417416,-0.7252119987603977,-0.4993270555382282
0.17517517517517517,-0.7032046790806841,-0.49996971410014684
0.17617617617617617,-0.6805019913552525,-0.49863526968641636
0.17717717717717718,-0.6571263852691884,-0.49532899928471585
0.1781781781781782,-0.6331009759268209,-0.4900639773610882
0.17917917917917917,-0.6084495209942179,-0.48286102415767757
0.18018018018018017,-0.5831963972062739,-0.4737486233602151
0.18118118118118118,-0.5573665762616425,-0.46276280946083914
0.18218218218218218,-0.5309856001293205,-0.4499470252616592
0.1831831831831832,-0.5040795557913246,-0.4353519500825637
0.1841841841841842,-0.47667504944642713,-0.4190352993526131
0.18518518518518517,-0.44879918020046244,-0.4010615963775221
0.18618618618618618,-0.42047951326921434,-0.38150191718576365
0.1871871871871872,-0.3917440527203979,-0.36043360946229297
0.1881881881881882,-0.3626212137816673,-0.33793998668133984
0.1891891891891892,-0.3331397947420577,-0.31410999864782124
0.19019019019019018,-0.3033289484746273,-0.28903787975018597
0.19119119119119118,-0.2732181536084663,-0.26282277631566076
0.1921921921921922,-0.24283718537858734,-0.2355683545415091
0.1931931931931932,-0.21221608618250784,-0.20738239055270344
0.1941941941941942,-0.18138513587265076,-0.17837634420711557
0.19519519519519518,-0.150374821813937,-0.14866491833358644
0.1961961961961962,-0.11921580873617425,-0.11836560514584075
0.1971971971971972,-0.08793890841106189,-0.08759822162593511
0.1981981981981982,-0.056575049183792726,-0.05648443571453679
0.1991991991991992,-0.02515524538937595,-0.025147285181683198
0.20020020020020018,0.006289433316067026,0.0062893089193698055
0.2012012012012012,0.03772789267871672,0.037701032291200344
0.2022022022022022,0.06912904459478435,0.06896366898632661
0.2032032032032032,0.10046183785216803,0.09995359261240237
0.2042042042042042,0.13169528883562395,0.13054825520604446
0.20520520520520522,0.16279851216509406,0.1606266718420716
0.2062062062062062,0.19374075123689677,0.19006989906179753
0.2072072072072072,0.224491408637572,0.21876150522845159
0.2082082082082082,0.2550200764003101,0.24658803094973689
0.2092092092092092,0.2852965660740497,0.2734394377468136
0.21021021021021022,0.3152909385755026,0.29920954319546356
0.2112112112112112,0.34497353379459006,0.3237964408186967
0.2122122122122122,0.37431499992401873,0.3471029030703612
0.2132132132132132,0.4032863224839805,0.36903676581616895
0.21421421421421422,0.4318588530132969,0.38951129279174523
0.21521521521521522,0.46000433739861074,0.40844551859645256
0.21621621621621623,0.48769494381363454,0.42576456886665565
0.2172172172172172,0.5149032902408122,0.4413999563623095
0.2182182182182182,0.5416024715481897,0.45528985179601766
0.21921921921921922,0.5677660860947078,0.4673793283335755
0.22022022022022023,0.5933682618376205,0.4776205787991435
0.22122122122122123,0.6183836819162157,0.48597310472611693
0.2222222222222222,0.6427876096865385,0.49240387650610384
0.22322322322322322,0.6665559131823714,0.496887464002712
0.22422422422422422,0.6896650889782615,0.4994061371136346
0.22522522522522523,0.7120922854310253,0.49994993588337444
0.22622622622622623,0.7338153252767277,0.4985167098893451
0.2272272272272272,0.7548127275607984,0.49511212674559935
0.22822822822822822,0.7750637288796014,0.4897496496905583
0.22922922922922923,0.7945483039124436,0.48245048434736953
0.23023023023023023,0.8132471852237331,0.4732434948674262
0.23123123123123124,0.8311418823156933,0.46216508978865434
0.23223223223223222,0.8482146999128017,0.4492590780599341
0.23323323323323322,0.8644487554598645,0.43457649580099983
0.23423423423423423,0.8798279958164291,0.41817540448288837
0.23523523523523523,0.8943372131310271,0.4001206613270162
0.23623623623623624,0.9079620598795463,0.3804836628308338
0.23723723723723725,0.9206890630528632,0.35934206243426897
0.23823823823823823,0.9325056374797073,0.3367794634434332
0.23923923923923923,0.9434000982715809,0.3128850884259037
0.24024024024024024,0.9533616723774291,0.28775342638494555
0.24124124124124124,0.9623805092366334,0.2614838591079016
0.24224224224224225,0.970447690519797,0.23418026816633042
0.24324324324324323,0.977555238947686,0.20595062412199705
0.24424424424424424,0.98369612617961,0.17690655956316984
0.24524524524524524,0.9888642797634357,0.14716292765964112
0.24624624624624625,0.9930545891403677,0.1168373479821262
0.24724724724724725,0.9962629106985544,0.08604974138208422
0.24824824824824826,0.9984860718705224,0.05492185577125034
0.24924924924924924,0.9997218742703887,0.023576784676153786
0.2502502502502503,0.9999690958677468,-0.007861519528520704
0.25125125125125125,0.9992274921960794,-0.039268735782834394
0.25225225225225223,0.9974977965944998,-0.07052066596245864
0.25325325325325326,0.9947817194825853,-0.10149372601338078
0.25425425425425424,0.9910819466690197,-0.13206543465830267
0.2552552552552553,0.9864021366957144,-0.1621148977421861
0.25625625625625625,0.9807469172200398,-0.19152328630158305
0.25725725725725723,0.9741218804387364,-0.22017430646730912
0.25825825825825827,0.9665335775580415,-0.24795465934219446
0.25925925925925924,0.9579895123154889,-0.27475448903540295
0.2602602602602603,0.9484981335597952,-0.3004678170815616
0.26126126126126126,0.9380688268961663,-0.32499296152682233
0.26226226226226224,0.9267119054052854,-0.3482329390246101
0.26326326326326327,0.914438599445166,-0.37009584835097126
0.26426426426426425,0.9012610455459449,-0.3904952338229584
0.2652652652652653,0.8871922744086042,-0.4093504271829139
0.26626626626626626,0.8722461980194862,-0.4265868665966964
0.26726726726726724,0.8564375958933467,-0.44213639150438816
0.2682682682682683,0.8397821004585394,-0.4559375121575171
0.26926926926926925,0.8222961815988099,-0.4679356527769057
0.2702702702702703,0.803997130366941,-0.47808336736962526
0.27127127127127126,0.7849030418864047,-0.48634052735157995
0.27227227227227224,0.7650327974578912,-0.49267448023380794
0.2732732732732733,0.7444060458884189,-0.49706017874496966
0.27427427427427425,0.7230431840615102,-0.4994802798794136
0.2752752752752753,0.700965336767597,-0.4999252134791502
0.27627627627627627,0.678194335814667,-0.4983932200785172
0.2772772772772773,0.654752698439734,-0.49489035786189156
0.2782782782782783,0.6306636050425575,-0.4894304787069308
0.27927927927927926,0.6059508762635496,-0.48203517340807583
0.2802802802802803,0.5806389494286054,-0.47273368629693163
0.28128128128128127,0.5547528543841181,-0.4615627995971567
0.2822822822822823,0.5283181887460507,-0.44856668797115673
0.2832832832832833,0.5013610925876065,-0.433796743833801
0.28428428428428426,0.4739082225904436,-0.41731137412390895
0.2852852852852853,0.4459867256850762,-0.39917576933720306
0.2862862862862863,0.4176242122064669,-0.3794616457340444
0.2872872872872873,0.3888487285913872,-0.35824696174139137
0.2882882882882883,0.35968872964453685,-0.33561560967045223
0.28928928928928926,0.3301730504008376,-0.31165708396910907
0.2902902902902903,0.3003308776117511,-0.2864661273210105
0.2912912912912913,0.2701917208837825,-0.26014235599078983
0.2922922922922923,0.2397853834977361,-0.23278986589697867
0.2932932932932933,0.20914193293756722,-0.20451682097037283
0.29429429429429427,0.17829167115797728,-0.17543502542566652
0.2952952952952953,0.14726510462014047,-0.14565948163777295
0.2962962962962963,0.11609291412523105,-0.11530793537122089
0.2972972972972973,0.08480592447550975,-0.08450041016092509
0.2982982982982983,0.05343507399305771,-0.05335873268567974
0.29929929929929927,0.02201138392622936,-0.02200605101119263
0.3003003003003003,-0.009434072225897,0.009433652392233791
0.3013013013013013,-0.04087019944071032,0.040836050931602065
0.3023023023023023,-0.07226591192058777,0.07207696553397992
0.3033033033033033,-0.10359016383223858,0.10303285570584557
0.30430430430430433,-0.13481198000658376,0.1335813080672602
0.3053053053053053,-0.16590048656871317,0.16360152042888565
0.3063063063063063,-0.19682494146770374,0.19297477949766279
0.3073073073073073,-0.22755476487608273,0.22158493032206336
0.3083083083083083,-0.2580595694288491,0.24931883562049473
0.30930930930930933,-0.2883091902722227,0.27606682317653586
0.3103103103103103,-0.31827371489230794,0.3017231195317126
0.3113113113113113,-0.34792351269428357,0.3261862682608952
0.3123123123123123,-0.3772292643027698,0.3493595311761837
0.3133133133133133,-0.40616199055447094,0.3711512708728036
0.31431431431431434,-0.43469308115439603,0.39147531310423184
0.3153153153153153,-0.46279432296729806,0.4102512875535431
0.3163163163163163,-0.4904379279164198,0.4274049456534626
0.3173173173173173,-0.517596560461878,0.4428684541982644
0.3183183183183183,-0.5442433646315789,0.4565806635864915
0.31931931931931934,-0.5703519905779014,0.468487349633719
0.3203203203203203,-0.5958966206338979,0.47854142799913546
0.3213213213213213,-0.6208519948432426,0.48670314037800105
0.32232232232232233,-0.6451934359386927,0.49294021172369773
0.3233233233233233,-0.6688968737443389,0.4972279778776387
0.32432432432432434,-0.6919388689775459,0.4995494831023407
0.3253253253253253,-0.7142966364270208,0.4998955471319631
0.3263263263263263,-0.7359480674841022,0.4982648014751685
0.32732732732732733,-0.756871752004992,0.4946636948267467
0.3283283283283283,-0.7770469994822877,0.4891064675666045
0.32932932932932935,-0.7964538595049296,0.4816150954469561
0.3303303303303303,-0.8150731414862619,0.4722192026904146
0.3313313313313313,-0.8328864336407723,0.4609559448426134
0.33233233233233234,-0.8498761211906863,0.4478698618426277
0.3333333333333333,-0.8660254037844378,0.43301270189222013
0.33433433433433435,-0.8813183121098073,0.4164432168203865
0.3353353353353353,-0.8957397236852549,0.39822692975246515
0.3363363363363363,-0.9092753778138881,0.3784358760024964
0.33733733733733734,-0.9219118896852249,0.35714831821351084
0.3383383383383383,-0.933636763610846,0.33444843687216996
0.33933933933933935,-0.9444384053808289,0.3104259974216218
0.34034034034034033,-0.9543061337287484,0.28517599528895193
0.34134134134134136,-0.9632301908939127,0.25879828023093876
0.34234234234234234,-0.9712017522703761,0.23139716148365036
0.3433433433433433,-0.9782129351332083,0.20308099527723686
0.34434434434434436,-0.9842568064333685,0.17396175634714234
0.34534534534534533,-0.9893273896534935,0.14415459513611106
0.34634634634634637,-0.9934196707178107,0.11377738243804109
0.34734734734734735,-0.9965296029503368,0.08295024328435631
0.3483483483483483,-0.9986541110764564,0.05179508191612078
0.34934934934934936,-0.9997910942639261,0.020435099720356658
0.35035035035035034,-0.9999394282002937,-0.011005691963113181
0.35135135135135137,-0.9990989662046815,-0.04240296223775426
0.35235235235235235,-0.9972705393728327,-0.07363255231007051
0.3533533533533533,-0.9944559557552777,-0.10457096646878214
0.35435435435435436,-0.9906579985694317,-0.1350958604418915
0.35535535535535534,-0.985880423447396,-0.1650865252004174
0.3563563563563564,-0.9801279547221764,-0.19442436429569468
0.35735735735735735,-0.9734062807560028,-0.22299336284253754
0.35835835835835833,-0.9657220483153551,-0.2506805462938012
0.35935935935935936,-0.9570828559982708,-0.27737642719205857
0.36036036036036034,-0.9474972467204302,-0.3029754381317729
0.3613613613613614,-0.9369746992674379,-0.3273763492198679
0.36236236236236236,-0.9255256189216783,-0.35048266838379805
0.36336336336336333,-0.9131613271729836,-0.37220302294420904
0.36436436436436437,-0.8998940505233184,-0.39245152094320196
0.36536536536536535,-0.8857369083965303,-0.4111480907994036
0.3663663663663664,-0.8707039001651274,-0.428218797946673
0.36736736736736736,-0.8548098913069268,-0.44359613720430136
0.3683683683683684,-0.8380705987052262,-0.45721929972258313
0.36936936936936937,-0.820502575107088,-0.4690344134480826
0.37037037037037035,-0.8021231927550442,-0.4789947561577443
0.3713713713713714,-0.7829506262084633,-0.4870609402193681
0.37237237237237236,-0.7630038343715273,-0.49320106834785726
0.3733733733733734,-0.7423025417456092,-0.49739085974129266
0.3743743743743744,-0.7208672189245859,-0.49961374609803966
0.37537537537537535,-0.6987190623523681,-0.49986093713519436
0.3763763763763764,-0.6758799733626797,-0.4981314553492773
0.37737737737737737,-0.6523725365217914,-0.4944321398817179
0.3783783783783784,-0.6282199972956425,-0.48877761947384313
0.3793793793793794,-0.6034462390634262,-0.4811902546183167
0.38038038038038036,-0.5780757595003719,-0.4717000491357911
0.3813813813813814,-0.5521336463530697,-0.46034453152643134
0.38238238238238237,-0.5256455526313215,-0.44716860656551405
0.3833833833833834,-0.49863767124099206,-0.43222437772993283
0.3843843843843844,-0.4711367090830182,-0.41557094115784704
0.38538538538538536,-0.44316986064412783,-0.397274151956223
0.3863863863863864,-0.4147647811054069,-0.3774063637803993
0.38738738738738737,-0.38594955899533,-0.3560461427155137
0.3883883883883884,-0.35675268841423113,-0.33327795659118553
0.3893893893893894,-0.3272030408577724,-0.3091918409581083
0.39039039039039036,-0.2973298366671729,-0.2838830430473544
0.3913913913913914,-0.26716261613452164,-0.2574516451204066
0.3923923923923924,-0.2367312102916815,-0.23000216869930712
0.3933933933933934,-0.20606571141169233,-0.20164316124199042
0.3943943943943944,-0.17519644325187023,-0.17248676689729645
0.39539539539539537,-0.1441539310679593,-0.14264828303702587
0.3963963963963964,-0.11296887142907358,-0.11224570431878703
0.3973973973973974,-0.08167210186320711,-0.08139925608254764
0.3983983983983984,-0.050294570363366396,-0.05023091892608418
0.3993993993993994,-0.01886730478446703,-0.01886394633935853
0.40040040040040037,0.012578617838739611,0.012577622694686477
0.4014014014014014,0.044012102022380484,0.04396945420552945
0.4024024024024024,0.07540206458240069,0.07518741090696746
0.4034034034034034,0.10671746537135826,0.10610804309125332
0.4044044044044044,0.13792733797265322,0.13660907680423257
0.40540540540540543,0.16900082032184896,0.16656989737102867
0.4064064064064064,0.19990718522480475,0.19587202636019882
0.4074074074074074,0.23061587074243886,0.2243995901002299
0.4084084084084084,0.2610965104120889,0.2520397778956629
0.4094094094094094,0.2913189632755464,0.2786832881308204
0.41041041041041043,0.3212533436841432,0.3042247604971081
0.4114114114114114,0.3508700508513302,0.32856319263459405
0.4124124124124124,0.38013979812359505,0.3516023395403407
0.4134134134134134,0.40903364194074615,0.3732510941640262
0.4144144144144144,0.43752301045690317,0.39342384768579425
0.41541541541541543,0.46557973179395784,0.41204082805168263
0.4164164164164164,0.49317606189947377,0.42902841542784337
0.4174174174174174,0.5202847119815786,0.44431943332617774
0.4184184184184184,0.5468788754936272,0.45785341425008447
0.4194194194194194,0.5729322546420186,0.46957683880988327
0.42042042042042044,0.5984190863909271,0.47944334736232497
0.4214214214214214,0.6233141679382158,0.48741392333726685
0.4224224224224224,0.6475928816373934,0.4934570475265799
0.42342342342342343,0.6712312193409022,0.49754882272513296
0.4244244244244244,0.6942058061407224,0.49967306823099045
0.42542542542542544,0.7164939234827832,0.49982138383111496
0.4264264264264264,0.7380735316323379,0.4979931830195523
0.4274274274274274,0.758923291468088,0.4941956953167366
0.42842842842842843,0.7790225855834905,0.4884439376807465
0.4294294294294294,0.7983515386744054,0.480760655123563
0.43043043043043044,0.8168910371929051,0.4711762307671595
0.4314314314314314,0.8346227482478172,0.45972856569510284
0.43243243243243246,0.8515291377333113,0.44646292907478424
0.43343343343343343,0.8675934876676015,0.43143177914296543
0.4344344344344344,0.882799912724619,0.41469455576254205
0.43543543543543545,0.8971333759423137,0.39631744537084296
0.4364364364364364,0.9105797035920353,0.37637311924897787
0.43743743743743746,0.9231255991943121,0.3549404461472146
0.43843843843843844,0.934758656667151,0.33210418040280715
0.4394394394394394,0.9454673725938629,0.30795462678359115
0.44044044044044045,0.955241157598287,0.2825872833826961
0.44144144144144143,0.9640703468161503,0.25610246397655817
0.44244244244244246,0.9719462094522339,0.22860490133953876
0.44344344344344344,0.9788609574138614,0.2002033330839025
0.4444444444444444,0.9848077530122077,0.17101007166283635
0.44544544544544545,0.9897807157237835,0.14114056023698593
0.44644644644644643,0.993774928005424,0.11071291616078112
0.44744744744744747,0.9967864401570343,0.07984746389377427
0.44844844844844844,0.9988122742272691,0.04866625918415236
0.4494494494494494,0.9998504269583004,0.017292606405909444
0.45045045045045046,0.9998998717667489,-0.014149429041558527
0.45145145145145144,0.9989605597588275,-0.04553551134332016
0.45245245245245247,0.9970334197786902,-0.07674152594810815
0.45345345345345345,0.9941203574899394,-0.1076440703725437
0.4544544544544544,0.9902242534911987,-0.13812094218953602
0.45545545545545546,0.9853489604676167,-0.16805162227110712
0.45645645645645644,0.9794992993811166,-0.19731775137471977
0.4574574574574575,0.9726810547031601,-0.22580359818844714
0.45845845845845845,0.9649009686947391,-0.2533965169841361
0.45945945945945943,0.9561667347392514,-0.27998739306879633
0.46046046046046046,0.9464869897348523,-0.30547107427271175
0.46146146146146144,0.9358713055538125,-0.3297467867679471
0.4624624624624625,0.9243301795773087,-0.35271853357297595
0.46346346346346345,0.911875024315034,-0.3742954741674949
0.46446446446446443,0.8985181561198682,-0.3943922837163144
0.46546546546546547,0.8842727830087778,-0.4129294904817715
0.46646646646646645,0.8691529916019997,-0.4298337900903718
0.4674674674674675,0.8531737331933925,-0.44503833541095317
0.46846846846846846,0.8363508089657767,-0.45848300089800625
0.4694694694694695,0.8187008543658285,-0.4701146203548792
0.47047047047047047,0.8002413226540324,-0.4798871971765944
0.47147147147147145,0.7809904676459187,-0.4877620862409189
0.4724724724724725,0.7609673256616676,-0.49370814672839447
0.47347347347347346,0.7401916967019445,-0.49770186526700616
0.4744744744744745,0.7186841248685379,-0.4997274489145347
0.4754754754754755,0.6964658780492224,-0.49977688761088196
0.47647647647647645,0.6735589268868664,-0.4978499858534189
0.4774774774774775,0.649985923053647,-0.4939543634700891
0.47847847847847846,0.6257701768518074,-0.4881054254872152
0.4794794794794795,0.6009356341631228,-0.4803263012111605
0.4804804804804805,0.5755068527698911,-0.47064775276475207
0.48148148148148145,0.549508978070807,-0.45910805344013744
0.4824824824824825,0.5229677182158032,-0.4457528363491423
0.48348348348348347,0.49590931868439,-0.4306349139696157
0.4844844844844845,0.46836053633266084,-0.4138140693013658
0.4854854854854855,0.44034861293461935,-0.3953568194575469
0.48648648648648646,0.4119012482439941,-0.3753361526263632
0.4874874874874875,0.3830465726031689,-0.3538312394432531
0.48848848848848847,0.35381311912633967,-0.3309271199149348
0.4894894894894895,0.32422979548437164,-0.3067143671333315
0.4904904904904905,0.29432585531928224,-0.2812887291092189
0.49149149149149146,0.26413086931660823,-0.2547507501419383
0.4924924924924925,0.2336746959642524,-0.22720537322243867
0.4934934934934935,0.20298745202676277,-0.19876152504195782
0.4944944944944945,0.17209948276416845,-0.16953168524733708
0.4954954954954955,0.14104133192492024,-0.13963144164641592
0.4964964964964965,0.10984371154250068,-0.10917903312232337
0.4974974974974975,0.07853747156567001,-0.07829488206427923
0.4984984984984985,0.04715356935230757,-0.04710111816381502
0.4994994994994995,0.015723039057040856,-0.015721095459560158
0.5005005005005005,-0.015723039057041407,0.01572109545956071
0.5015015015015015,-0.04715356935230634,0.0471011181638138
0.5025025025025025,-0.07853747156566879,0.07829488206427802
0.5035035035035035,-0.10984371154249946,0.10917903312232217
0.5045045045045045,-0.14104133192491727,0.13963144164641306
0.5055055055055055,-0.172099482764169,0.16953168524733758
0.5065065065065065,-0.20298745202676155,0.1987615250419567
0.5075075075075075,-0.2336746959642512,0.22720537322243758
0.5085085085085085,-0.26413086931660534,0.2547507501419357
0.5095095095095095,-0.29432585531928107,0.2812887291092179
0.5105105105105106,-0.3242297954843722,0.30671436713333194
0.5115115115115115,-0.3538131191263385,0.33092711991493384
0.5125125125125125,-0.3830465726031661,0.353831239443251
0.5135135135135135,-0.4119012482439897,0.37533615262636005
0.5145145145145145,-0.44034861293461824,0.39535681945754614
0.5155155155155156,-0.4683605363326613,0.4138140693013661
0.5165165165165165,-0.4959093186843889,0.43063491396961506
0.5175175175175175,-0.5229677182158007,0.445752836349141
0.5185185185185185,-0.5495089780708059,0.45910805344013694
0.5195195195195195,-0.5755068527698887,0.47064775276475107
0.5205205205205206,-0.6009356341631232,0.48032630121116066
0.5215215215215215,-0.625770176851805,0.48810542548721453
0.5225225225225225,-0.6499859230536447,0.49395436347008864
0.5235235235235235,-0.6735589268868655,0.4978499858534188
0.5245245245245245,-0.6964658780492202,0.49977688761088185
0.5255255255255256,-0.7186841248685383,0.49972744891453463
0.5265265265265265,-0.7401916967019425,0.49770186526700644
0.5275275275275275,-0.7609673256616679,0.49370814672839436
0.5285285285285285,-0.7809904676459168,0.48776208624091955
0.5295295295295295,-0.8002413226540306,0.4798871971765952
0.5305305305305306,-0.8187008543658278,0.4701146203548796
0.5315315315315315,-0.8363508089657751,0.4584830008980075
0.5325325325325325,-0.8531737331933928,0.44503833541095295
0.5335335335335335,-0.8691529916019981,0.42983379009037337
0.5345345345345345,-0.8842727830087763,0.41292949048177324
0.5355355355355356,-0.8985181561198669,0.39439228371631624
0.5365365365365365,-0.9118750243150342,0.37429547416749454
0.5375375375375375,-0.9243301795773082,0.35271853357297683
0.5385385385385385,-0.9358713055538114,0.3297467867679494
0.5395395395395395,-0.9464869897348513,0.30547107427271414
0.5405405405405406,-0.9561667347392505,0.2799873930687988
0.5415415415415415,-0.9649009686947392,0.2533965169841356
0.5425425425425425,-0.9726810547031599,0.22580359818844822
0.5435435435435435,-0.979499299381116,0.19731775137472254
0.5445445445445445,-0.9853489604676159,0.16805162227111164
0.5455455455455456,-0.9902242534911988,0.1381209421895355
0.5465465465465466,-0.9941203574899393,0.10764407037254489
0.5475475475475475,-0.9970334197786901,0.07674152594810936
0.5485485485485485,-0.9989605597588272,0.04553551134332315
0.5495495495495496,-0.9998998717667489,0.01414942904155975
0.5505505505505506,-0.9998504269583004,-0.017292606405909995
0.5515515515515516,-0.9988122742272691,-0.04866625918415114
0.5525525525525525,-0.9967864401570344,-0.07984746389377305
0.5535535535535535,-0.9937749280054246,-0.11071291616077646
0.5545545545545546,-0.9897807157237831,-0.14114056023698815
0.5555555555555556,-0.9848077530122079,-0.17101007166283522
0.5565565565565566,-0.9788609574138616,-0.20020333308390137
0.5575575575575575,-0.9719462094522341,-0.22860490133953767
0.5585585585585585,-0.9640703468161517,-0.25610246397655406
0.5595595595595596,-0.9552411575982863,-0.282587283382698
0.5605605605605606,-0.9454673725938633,-0.30795462678359015
0.5615615615615616,-0.9347586566671514,-0.3321041804028062
0.5625625625625625,-0.9231255991943134,-0.3549404461472125
0.5635635635635635,-0.9105797035920358,-0.37637311924897704
0.5645645645645646,-0.8971333759423135,-0.3963174453708433
0.5655655655655656,-0.8827999127246197,-0.4146945557625414
0.5665665665665666,-0.867593487667602,-0.4314317791429648
0.5675675675675675,-0.8515291377333128,-0.4464629290747829
0.5685685685685685,-0.8346227482478179,-0.45972856569510234
0.5695695695695696,-0.8168910371929048,-0.4711762307671597
0.5705705705705706,-0.7983515386744061,-0.48076065512356264
0.5715715715715716,-0.7790225855834924,-0.48844393768074584
0.5725725725725725,-0.7589232914680888,-0.4941956953167364
0.5735735735735735,-0.7380735316323399,-0.49799318301955203
0.5745745745745746,-0.7164939234827827,-0.49982138383111496
0.5755755755755756,-0.6942058061407232,-0.49967306823099045
0.5765765765765766,-0.6712312193409045,-0.49754882272513323
0.5775775775775776,-0.6475928816373943,-0.49345704752658004
0.5785785785785785,-0.6233141679382181,-0.4874139233372675
0.5795795795795796,-0.5984190863909267,-0.4794433473623248
0.5805805805805806,-0.572932254642021,-0.4695768388098843
0.5815815815815816,-0.5468788754936268,-0.45785341425008425
0.5825825825825826,-0.5202847119815797,-0.4443194333261783
0.5835835835835835,-0.4931760618994764,-0.4290284154278449
0.5845845845845846,-0.46557973179395734,-0.41204082805168235
0.5855855855855856,-0.4375230104569059,-0.3934238476857961
0.5865865865865866,-0.40903364194074565,-0.3732510941640258
0.5875875875875876,-0.3801397981235978,-0.3516023395403428
0.5885885885885885,-0.35087005085133305,-0.3285631926345963
0.5895895895895896,-0.3212533436841444,-0.30422476049710906
0.5905905905905906,-0.2913189632755459,-0.27868328813081994
0.5915915915915916,-0.26109651041208837,-0.25203977789566245
0.5925925925925926,-0.23061587074244178,-0.22439959010023255
0.5935935935935935,-0.1999071852248077,-0.19587202636020157
0.5945945945945946,-0.16900082032185018,-0.16656989737102984
0.5955955955955956,-0.13792733797265266,-0.13660907680423204
0.5965965965965966,-0.10671746537135948,-0.10610804309125452
0.5975975975975976,-0.07540206458240367,-0.07518741090697043
0.5985985985985985,-0.04401210202238526,-0.043969454205534206
0.5995995995995996,-0.01257861783873906,-0.012577622694685925
0.6006006006006006,0.018867304784467583,0.018863946339359082
0.6016016016016016,0.050294570363365175,0.05023091892608297
0.6026026026026026,0.08167210186320413,0.08139925608254467
0.6036036036036035,0.11296887142906883,0.11224570431878236
0.6046046046046046,0.14415393106795985,0.1426482830370264
0.6056056056056056,0.17519644325186903,0.1724867668972953
0.6066066066066066,0.20606571141169114,0.20164316124198928
0.6076076076076076,0.23673121029167687,0.23000216869930287
0.6086086086086087,0.2671626161345204,0.2574516451204055
0.6096096096096096,0.2973298366671734,0.28388304304735484
0.6106106106106106,0.3272030408577713,0.30919184095810737
0.6116116116116116,0.35675268841422997,0.3332779565911846
0.6126126126126126,0.38594955899532557,0.3560461427155103
0.6136136136136137,0.414764781105409,0.3774063637804009
0.6146146146146146,0.4431698606441267,0.39727415195622223
0.6156156156156156,0.47113670908301714,0.4155709411578463
0.6166166166166166,0.49863767124098946,0.4322243777299313
0.6176176176176176,0.5256455526313204,0.4471686065655135
0.6186186186186187,0.5521336463530717,0.46034453152643223
0.6196196196196196,0.5780757595003709,0.4717000491357907
0.6206206206206206,0.6034462390634252,0.4811902546183164
0.6216216216216216,0.6282199972956402,0.4887776194738425
0.6226226226226226,0.6523725365217904,0.49443213988171775
0.6236236236236237,0.67587997336268,0.49813145534927733
0.6246246246246246,0.6987190623523674,0.49986093713519436
0.6256256256256256,0.7208672189245839,0.49961374609803977
0.6266266266266266,0.7423025417456072,0.497390859741293
0.6276276276276276,0.7630038343715265,0.4932010683478575
0.6286286286286287,0.7829506262084637,0.4870609402193679
0.6296296296296297,0.8021231927550434,0.4789947561577446
0.6306306306306306,0.8205025751070862,0.46903441344808366
0.6316316316316316,0.8380705987052264,0.4572192997225829
0.6326326326326326,0.8548098913069252,0.44359613720430274
0.6336336336336337,0.8707039001651278,0.4282187979466727
0.6346346346346347,0.8857369083965289,0.41114809079940534
0.6356356356356356,0.8998940505233171,0.39245152094320385
0.6366366366366366,0.913161327172983,0.37220302294420987
0.6376376376376376,0.9255256189216772,0.3504826683838002
0.6386386386386387,0.936974699267438,0.3273763492198675
0.6396396396396397,0.9474972467204292,0.3029754381317753
0.6406406406406406,0.9570828559982709,0.27737642719205813
0.6416416416416416,0.9657220483153544,0.2506805462938038
0.6426426426426426,0.9734062807560021,0.22299336284254023
0.6436436436436437,0.9801279547221765,0.19442436429569415
0.6446446446446447,0.9858804234473955,0.16508652520042022
0.6456456456456456,0.9906579985694317,0.13509586044189098
0.6466466466466466,0.9944559557552775,0.10457096646878508
0.6476476476476476,0.9972705393728325,0.07363255231007348
0.6486486486486487,0.9990989662046814,0.042402962237755484
0.6496496496496497,0.9999394282002937,0.01100569196311263
0.6506506506506506,0.9997910942639262,-0.020435099720355433
0.6516516516516516,0.9986541110764565,-0.0517950819161178
0.6526526526526526,0.996529602950337,-0.08295024328435335
0.6536536536536537,0.9934196707178108,-0.11377738243803989
0.6546546546546547,0.9893273896534934,-0.1441545951361116
0.6556556556556556,0.9842568064333688,-0.1739617563471412
0.6566566566566566,0.978212935133209,-0.2030809952772341
0.6576576576576576,0.9712017522703772,-0.2313971614836461
0.6586586586586587,0.9632301908939122,-0.2587982802309407
0.6596596596596597,0.9543061337287487,-0.28517599528895093
0.6606606606606606,0.9444384053808292,-0.31042599742162086
0.6616616616616616,0.9336367636108471,-0.3344484368721677
0.6626626626626626,0.9219118896852267,-0.3571483182135075
0.6636636636636637,0.9092753778138879,-0.37843587600249673
0.6646646646646647,0.8957397236852555,-0.39822692975246443
0.6656656656656657,0.8813183121098078,-0.4164432168203858
0.6666666666666666,0.8660254037844403,-0.43301270189221774
0.6676676676676676,0.849876121190687,-0.44786986184262717
0.6686686686686687,0.832886433640773,-0.4609559448426129
0.6696696696696697,0.8150731414862625,-0.47221920269041423
0.6706706706706707,0.7964538595049303,-0.48161509544695574
0.6716716716716716,0.7770469994822907,-0.4891064675666035
0.6726726726726726,0.7568717520049928,-0.49466369482674655
0.6736736736736737,0.735948067484103,-0.4982648014751684
0.6746746746746747,0.7142966364270217,-0.49989554713196305
0.6756756756756757,0.6919388689775481,-0.4995494831023408
0.6766766766766766,0.6688968737443399,-0.49722797787763884
0.6776776776776777,0.6451934359386923,-0.4929402117236977
0.6786786786786787,0.6208519948432436,-0.48670314037800133
0.6796796796796797,0.5958966206338989,-0.47854142799913585
0.6806806806806807,0.5703519905779039,-0.4684873496337201
0.6816816816816816,0.5442433646315799,-0.456580663586492
0.6826826826826827,0.5175965604618775,-0.4428684541982642
0.6836836836836837,0.4904379279164209,-0.4274049456534632
0.6846846846846847,0.4627943229673007,-0.41025128755354484
0.6856856856856857,0.43469308115439553,-0.3914753131042315
0.6866866866866866,0.4061619905544737,-0.3711512708728056
0.6876876876876877,0.3772292643027693,-0.34935953117618324
0.6886886886886887,0.3479235126942847,-0.32618626826089614
0.6896896896896897,0.3182737148923108,-0.301723119531715
0.6906906906906907,0.2883091902722221,-0.2760668231765354
0.6916916916916916,0.258059569428852,-0.24931883562049734
0.6926926926926927,0.22755476487608217,-0.22158493032206286
0.6936936936936937,0.19682494146770668,-0.19297477949766556
0.6946946946946947,0.16590048656871262,-0.16360152042888512
0.6956956956956957,0.13481198000658498,-0.1335813080672614
0.6966966966966966,0.10359016383224157,-0.10303285570584851
0.6976976976976977,0.07226591192058723,-0.07207696553397938
0.6986986986986987,0.040870199440713316,-0.040836050931605056
0.6996996996996997,0.009434072225896449,-0.00943365239223324
0.7007007007007007,-0.022011383926226362,0.02200605101118963
0.7017017017017017,-0.053435073993054714,0.05335873268567676
0.7027027027027027,-0.08480592447550853,0.08450041016092388
0.7037037037037037,-0.1160929141252316,0.11530793537122143
0.7047047047047047,-0.14726510462014103,0.14565948163777348
0.7057057057057057,-0.17829167115797434,0.17543502542566372
0.7067067067067067,-0.20914193293756428,0.20451682097037008
0.7077077077077077,-0.2397853834977349,0.2327898658969776
0.7087087087087087,-0.270191720883783,0.2601423559907903
0.7097097097097097,-0.3003308776117499,0.2864661273210095
0.7107107107107107,-0.3301730504008348,0.31165708396910674
0.7117117117117117,-0.35968872964453236,0.33561560967044873
0.7127127127127127,-0.38884872859138936,0.35824696174139303
0.7137137137137137,-0.4176242122064674,0.3794616457340448
0.7147147147147147,-0.4459867256850751,0.39917576933720234
0.7157157157157157,-0.47390822259044096,0.4173113741239073
0.7167167167167167,-0.5013610925876024,0.4337967438337986
0.7177177177177178,-0.5283181887460527,0.44856668797115773
0.7187187187187187,-0.5547528543841171,0.4615627995971562
0.7197197197197197,-0.5806389494286044,0.47273368629693124
0.7207207207207207,-0.6059508762635458,0.48203517340807456
0.7217217217217217,-0.6306636050425565,0.48943047870693057
0.7227227227227228,-0.6547526984397358,0.4948903578618919
0.7237237237237237,-0.678194335814666,0.4983932200785171
0.7247247247247247,-0.7009653367675961,0.4999252134791502
0.7257257257257257,-0.7230431840615069,0.49948027987941385
0.7267267267267267,-0.7444060458884181,0.49706017874496977
0.7277277277277278,-0.7650327974578904,0.4926744802338081
0.7287287287287287,-0.7849030418864039,0.48634052735158023
0.7297297297297297,-0.8039971303669392,0.47808336736962614
0.7307307307307307,-0.8222961815988072,0.46793565277690735
0.7317317317317317,-0.8397821004585387,0.4559375121575176
0.7327327327327328,-0.856437595893346,0.44213639150438877
0.7337337337337337,-0.8722461980194857,0.42658686659669703
0.7347347347347347,-0.8871922744086027,0.40935042718291564
0.7357357357357357,-0.9012610455459444,0.3904952338229592
0.7367367367367368,-0.9144385994451663,0.37009584835097087
0.7377377377377378,-0.9267119054052849,0.348232939024611
0.7387387387387387,-0.9380688268961652,0.3249929615268246
0.7397397397397397,-0.9484981335597942,0.30046781708156406
0.7407407407407407,-0.9579895123154886,0.274754489035404
0.7417417417417418,-0.9665335775580416,0.247954659342194
0.7427427427427428,-0.9741218804387362,0.22017430646731023
0.7437437437437437,-0.9807469172200393,0.19152328630158583
0.7447447447447447,-0.9864021366957145,0.16211489774218557
0.7457457457457457,-0.9910819466690194,0.1320654346583047
0.7467467467467468,-0.9947817194825853,0.10149372601338023
0.7477477477477478,-0.9974977965944997,0.07052066596246073
0.7487487487487487,-0.9992274921960793,0.039268735782837384
0.7497497497497497,-0.9999690958677468,0.00786151952852104
0.7507507507507507,-0.9997218742703887,-0.023576784676150788
0.7517517517517518,-0.9984860718705224,-0.05492185577125
0.7527527527527528,-0.9962629106985545,-0.08604974138208302
0.7537537537537538,-0.9930545891403676,-0.11683734798212674
0.7547547547547547,-0.9888642797634358,-0.14716292765963995
0.7557557557557557,-0.9836961261796106,-0.176906559563167
0.7567567567567568,-0.9775552389476863,-0.20595062412199594
0.7577577577577578,-0.9704476905197974,-0.23418026816632853
0.7587587587587588,-0.9623805092366334,-0.2614838591079013
0.7597597597597597,-0.9533616723774297,-0.28775342638494383
0.7607607607607607,-0.9434000982715822,-0.3128850884259007
0.7617617617617618,-0.9325056374797077,-0.3367794634434323
0.7627627627627628,-0.9206890630528627,-0.35934206243426997
0.7637637637637638,-0.9079620598795464,-0.38048366283083357
0.7647647647647647,-0.8943372131310281,-0.4001206613270149
0.7657657657657657,-0.879827995816431,-0.4181754044828862
0.7667667667667668,-0.8644487554598657,-0.4345764958009988
0.7677677677677678,-0.848214699912802,-0.4492590780599339
0.7687687687687688,-0.8311418823156941,-0.4621650897886539
0.7697697697697697,-0.8132471852237343,-0.4732434948674255
0.7707707707707707,-0.794548303912446,-0.4824504843473685
0.7717717717717718,-0.7750637288796005,-0.4897496496905586
0.7727727727727728,-0.7548127275607986,-0.4951121267455993
0.7737737737737738,-0.7338153252767285,-0.498516709889345
0.7747747747747747,-0.7120922854310274,-0.4999499358833744
0.7757757757757757,-0.689665088978265,-0.4994061371136348
0.7767767767767768,-0.6665559131823711,-0.49688746400271194
0.7777777777777778,-0.6427876096865395,-0.49240387650610407
0.7787787787787788,-0.6183836819162166,-0.4859731047261172
0.7797797797797797,-0.5933682618376229,-0.4776205787991444
0.7807807807807807,-0.5677660860947088,-0.4673793283335759
0.7817817817817818,-0.5416024715481893,-0.45528985179601744
0.7827827827827828,-0.5149032902408132,-0.4413999563623101
0.7837837837837838,-0.4876949438136364,-0.42576456886665676
0.7847847847847848,-0.46000433739861424,-0.4084455185964548
0.7857857857857857,-0.4318588530132988,-0.38951129279174657
0.7867867867867868,-0.40328632248398083,-0.3690367658161692
0.7877877877877878,-0.37431499992401984,-0.347102903070362
0.7887887887887888,-0.3449735337945929,-0.32379644081869896
0.7897897897897898,-0.31529093857550294,-0.29920954319546383
0.7907907907907907,-0.28529656607405174,-0.2734394377468154
0.7917917917917918,-0.25502007640031044,-0.24658803094973716
0.7927927927927928,-0.22449140863757405,-0.2187615052284535
0.7937937937937938,-0.19374075123690057,-0.19006989906180113
0.7947947947947948,-0.16279851216509528,-0.16062667184207277
0.7957957957957957,-0.13169528883562606,-0.1305482552060465
0.7967967967967968,-0.10046183785216836,-0.0999535926124027
0.7977977977977978,-0.06912904459478646,-0.06896366898632869
0.7987987987987988,-0.03772789267871706,-0.03770103229120068
0.7997997997997998,-0.006289433316069139,-0.0062893089193719175
0.8008008008008007,0.025155245389372954,0.0251472851816802
0.8018018018018018,0.0565750491837915,0.05648443571453557
0.8028028028028028,0.0879389084110589,0.08759822162593217
0.8038038038038038,0.11921580873617303,0.11836560514583956
0.8048048048048048,0.1503748218139349,0.14866491833358442
0.8058058058058059,0.1813851358726513,0.17837634420711607
0.8068068068068068,0.21221608618250665,0.20738239055270233
0.8078078078078078,0.2428371853785879,0.2355683545415096
0.8088088088088088,0.27321815360846513,0.2628227763156597
0.8098098098098098,0.3033289484746245,0.2890378797501835
0.8108108108108109,0.33313979474205735,0.31410999864782096
0.8118118118118118,0.3626212137816653,0.3379399866813383
0.8128128128128128,0.39174405272039764,0.36043360946229275
0.8138138138138138,0.42047951326921323,0.3815019171857629
0.8148148148148148,0.4487991802004598,0.40106159637752026
0.8158158158158159,0.47667504944642686,0.41903529935261286
0.8168168168168168,0.5040795557913258,0.43535195008256444
0.8178178178178178,0.5309856001293202,0.44994702526165903
0.8188188188188188,0.5573665762616408,0.46276280946083836
0.8198198198198198,0.5831963972062708,0.4737486233602139
0.8208208208208209,0.6084495209942162,0.482861024157677
0.8218218218218218,0.633100975926822,0.4900639773610885
0.8228228228228228,0.6571263852691881,0.4953289992847158
0.8238238238238238,0.6805019913552509,0.4986352696864162
0.8248248248248248,0.7032046790806814,0.4999697141001468
0.8258258258258259,0.7252119987603987,0.49932705553822815
0.8268268268268268,0.7465021883280524,0.4967098353589053
0.8278278278278278,0.7670541948555981,0.4921284032166845
0.8288288288288288,0.7868476953715885,0.48560087613518876
0.8298298298298298,0.8058631169576668,0.47715306686437564
0.8308308308308309,0.8240816561033653,0.4668183818054225
0.8318318318318318,0.8414852973000502,0.4546376889069442
0.8328328328328328,0.8580568308556867,0.4406591560549042
0.8338338338338338,0.873779869912727,0.4249380605953448
0.8348348348348348,0.8886388666523555,0.40753657074313165
0.8358358358358359,0.9026191276690345,0.38852349974114353
0.8368368368368369,0.9157068285001689,0.36797403374205195
0.8378378378378378,0.9278890272965086,0.3459694344887745
0.8388388388388388,0.9391536776197665,0.3225967179693493
0.8398398398398398,0.949489640354813,0.29794831031694996
0.8408408408408409,0.9588866947246499,0.2721216823157889
0.8418418418418419,0.96733554839729,0.24521896395821097
0.8428428428428428,0.9748278466745337,0.2173465405771999
0.8438438438438438,0.9813561807535588,0.18861463215138852
0.8448448448448448,0.9869140950531597,0.159136857446156
0.8458458458458459,0.9914960935973848,0.12902978471442486
0.8468468468468469,0.9950976454502659,0.09841247073385394
0.8478478478478478,0.9977151891962613,0.06740599000329486
0.8488488488488488,0.9993461364619809,0.03613295596029423
0.8498498498498498,0.999988874475714,0.004717036112950613
0.8508508508508509,0.9996427676622299,-0.02671753699652852
0.8518518518518519,0.9983081582712683,-0.058046457062613424
0.8528528528528528,0.9959863660391046,-0.08914583557898481
0.8538538538538538,0.9926796868835204,-0.11989269174886685
0.8548548548548548,0.9883913906334733,-0.1501654388058727
0.8558558558558559,0.9831257177957043,-0.17984436482226726
0.8568568568568569,0.976887875361493,-0.20881210610323153
0.8578578578578578,0.9696840316576877,-0.23695411129522148
0.8588588588588588,0.961521310247126,-0.2641590943730244
0.8598598598598598,0.9524077828844524,-0.29031947471430025
0.8608608608608609,0.942352461534319,-0.31533180252127774
0.8618618618618619,0.9313652894598551,-0.3390971679073313
0.8628628628628628,0.9194571313902057,-0.3615215920307543
0.8638638638638638,0.9066397627768902,-0.38251639872894366
0.8648648648648649,0.8929258581495685,-0.40199856518347027
0.8658658658658659,0.8783289785827694,-0.41989105022926904
0.8668668668668669,0.8628635582859309,-0.4361230990097434
0.8678678678678678,0.8465448903300611,-0.45063052277297194
0.8688688688688688,0.8293891115250841,-0.46335595270264157
0.8698698698698699,0.811413186462866,-0.4742490667798975
0.8708708708708709,0.7926348907416859,-0.4832667887790202
0.8718718718718719,0.7730727933887176,-0.49037345861001985
0.8728728728728729,0.7527462384979557,-0.49554097333450964
0.8738738738738738,0.7316753261016803,-0.49874889829724967
0.8748748748748749,0.7098808922944292,-0.4999845479338734
0.8758758758758759,0.6873844886291095,-0.49924303593526115
0.8768768768768769,0.6642083608056143,-0.4965272945701839
0.8778778778778779,0.6403754266730274,-0.4918480630898054
0.8788788788788788,0.6159092535671823,-0.4852238452598993
0.8798798798798799,0.5908340350059591,-0.47668083618871504
0.8808808808808809,0.5651745667653922,-0.46625281873985347
0.8818818818818819,0.5389562223602171,-0.4539810299397734
0.8828828828828829,0.5122049279531163,-0.4399139979082158
0.8838838838838838,0.48494713671749107,-0.42410734995640315
0.8848848848848849,0.4572098026790775,-0.4066235926118654
0.8858858858858859,0.4290203540623262,-0.38753186443980064
0.8868868868868869,0.400406666167805,-0.36690766263836466
0.8878878878878879,0.37139703380757066,-0.3448325444891329
0.8888888888888888,0.3420201433256727,-0.3213938048432729
0.8898898898898899,0.3123050442314882,-0.2966841309188091
0.8908908908908909,0.28228112047397186,-0.27080123577409515
0.8918918918918919,0.2519780613851268,-0.24384747190681874
0.8928928928928929,0.22142583232156224,-0.21592942650665156
0.8938938938938938,0.19065464503306567,-0.1871574999620105
0.8948948948948949,0.15969492778754854,-0.15764546928775036
0.8958958958958959,0.12857729528186926,-0.1275100382001558
0.8968968968968969,0.09733251836830473,-0.0968703756184509
0.8978978978978979,0.06599149362662411,-0.06584764441781539
0.8988988988988988,0.03458521281181889,-0.03456452229739384
0.8998998998998999,0.003144732207735891,-0.0031447166580334056
0.9009009009009009,-0.028298858083117055,0.02828752459189514
0.9019019019019019,-0.05971446488320734,0.05960790436808415
0.9029029029029029,-0.09107102268664032,0.09069256793632505
0.9039039039039038,-0.12233752437845521,0.12141859268929163
0.9049049049049049,-0.1534830518962163,0.15166447423731336
0.9059059059059059,-0.1844768068034909,0.1813106068908321
0.9069069069069069,-0.2152881407450874,0.21023975663460445
0.9079079079079079,-0.24588658575384936,0.2383375247232129
0.9089089089089089,-0.27624188437907204,0.2654928000646581
0.9099099099099099,-0.30632401960678307,0.29159819860313635
0.9109109109109109,-0.33610324454221424,0.3165504879634092
0.9119119119119119,-0.3655501118252191,0.3402509956776263
0.9129129129129129,-0.39463550274943954,0.3626059993801977
0.9139139139139139,-0.4233306560565318,0.3835270974277975
0.914914914914915,-0.4516071963768943,0.40293155847883405
0.9159159159159159,-0.4794371622888077,0.4207426486500238
0.9169169169169169,-0.5067930339682722,0.43688993495636413
0.9179179179179179,-0.5336477604021208,0.4513095638345162
0.9189189189189189,-0.5599747861375927,0.4639445136482534
0.91991991991992,-0.5857480775418383,0.47474482017740627
0.9209209209209209,-0.6109421485454235,0.4836677741986453
0.9219219219219219,-0.6355320858443835,0.4906780903767796
0.9229229229229229,-0.6594935735358942,0.4957480467986921
0.9239239239239239,-0.6828029171631863,0.4988575945981305
0.924924924924925,-0.7054370671459519,0.499994437237857
0.9259259259259259,-0.727373641573049,0.4991540791356341
0.9269269269269269,-0.7485909483349898,0.4963398434417603
0.9279279279279279,-0.7690680065743151,0.4915628588978526
0.9289289289289289,-0.7887845674326288,0.48484201582884484
0.92992992992993,-0.8077211340738076,0.4762038914422253
0.9309309309309309,-0.825858980963543,0.46568264472992715
0.9319319319319319,-0.8431801723862214,0.45331988138844537
0.9329329329329329,-0.8596675801807436,0.43916448929138585
0.933933933933934,-0.8753049006778124,0.4232724451650309
0.934934934934935,-0.8900766708219063,0.4057065932314323
0.9359359359359359,-0.9039682834620159,0.3865363966943592
0.9369369369369369,-0.9169660017960125,0.3658376630508406
0.9379379379379379,-0.9290569729543614,0.34369224431455775
0.938938938938939,-0.9402292407097584,0.3201877133365142
0.93993993993994,-0.9504717573001117,0.2954170175029786
0.9409409409409409,-0.9597743943531888,0.26947811118010906
0.9419419419419419,-0.9681279529021182,0.24247356835874606
0.9429429429429429,-0.9755241724818378,0.21451017703116684
0.943943943943944,-0.9819557392975069,0.1856985169037826
0.944944944944945,-0.9874162934567889,0.15615252211574468
0.9459459459459459,-0.9919004352588767,0.125989030692564
0.9469469469469469,-0.9954037305340123,0.09532732251653518
0.9479479479479479,-0.9979227150282431,0.06428864764093524
0.948948948948949,-0.9994548978290694,0.03299574681330912
0.94994994994995,-0.9999987638285974,0.0015723661038685576
0.950950950950951,-0.9995537752217639,-0.02985723244160306
0.9519519519519519,-0.9981203720381465,-0.061168762189225234
0.9529529529529529,-0.9956999717068378,-0.09223840340174484
0.953953953953954,-0.9922949676548136,-0.1229432928769258
0.954954954954955,-0.9879087269401782,-0.15316200980339095
0.955955955955956,-0.9825455869226282,-0.18277505591260734
0.9569569569569569,-0.9762108509744304,-0.21166532802826374
0.9579579579579579,-0.96891078323615,-0.2397185811444033
0.958958958958959,-0.960652602422321,-0.26682388020106135
0.95995995995996,-0.951444474683177,-0.29287403877091867
0.960960960960961,-0.9412955055295041,-0.3177660429221899
0.9619619619619619,-0.9302157308286045,-0.341401458581594
0.9629629629629629,-0.9182161068802749,-0.3636868207865228
0.963963963963964,-0.9053084995825967,-0.38453400328715825
0.964964964964965,-0.8915056726982846,-0.40386056703690243
0.965965965965966,-0.8768212752331551,-0.42159008619310945
0.9669669669669669,-0.8612698279392313,-0.43765245033890593
0.9679679679679679,-0.8448667089558193,-0.45198414173100687
0.968968968968969,-0.8276281386027315,-0.46452848647718115
0.96996996996997,-0.8095711633407452,-0.4752358786500551
0.970970970970971,-0.7907136389150938,-0.48406397645105936
0.9719719719719719,-0.7710742126987258,-0.490977869648753
0.9729729729729729,-0.7506723052527264,-0.49595021762943803
0.973973973973974,-0.7295280911221892,-0.4989613575141216
0.974974974974975,-0.7076624788865062,-0.4999993819142987
0.975975975975976,-0.6850970904837813,-0.49906018601907315
0.9769769769769769,-0.6618542398298696,-0.4961474838274071
0.9779779779779779,-0.6379569107531147,-0.4912727934613145
0.978978978978979,-0.613428734266663,-0.48445539161807516
0.97997997997998,-0.5882939652008047,-0.4757222373415882
0.980980980980981,-0.5625774582184379,-0.4651078654143025
0.9819819819819819,-0.5363046432373846,-0.4526542497912994
0.9829829829829829,-0.5095015002838766,-0.43841063761657867
0.983983983983984,-0.48219453380204946,-0.42243335447791
0.984984984984985,-0.45441074644487733,-0.40478558167037193
0.985985985985986,-0.42617761237243657,-0.3855371063493633
0.986986986986987,-0.39752305008391564,-0.3647640455610962
0.9879879879879879,-0.36847539481025404,-0.34254854524189365
0.988988988988989,-0.33906337049467417,-0.31897845537655506
0.98998998998999,-0.30931606138886925,-0.29414698260040284
0.990990990990991,-0.27926288329283183,-0.2681523216186928
0.991991991991992,-0.2489335544668949,-0.2410972669010268
0.992992992992993,-0.21835806624464674,-0.21308880618621884
0.993993993993994,-0.18756665337583642,-0.18423769740512427
0.994994994994995,-0.15658976412855846,-0.1546580306944352
0.995995995995996,-0.12545803018029833,-0.12446677723344804
0.996996996996997,-0.09420223632763004,-0.0937833266879223
0.997997997997998,-0.06285329004448016,-0.06272901509014625
0.998998998998999,-0.031442190919120316,-0.03142664502224069
1.0,-1.2246467991473533e-15,-1.2246467991473533e-15
